<?xml version="1.0" encoding="UTF-8"?>
<configuration scan="true" scanPeriod="10 seconds">

    <!-- Logback Appender with Winter Java Platform -->
    <include resource="logback/winter-base.xml" />
    <include resource="logback/winter-common-appender.xml" />


    <!-- 프로젝트별 로그 레벨 설정 -->
    <logger name="com.wemade" level="INFO"/>
    <logger name="com.wemade.infrastructure.cookie.CookieBuilder" level="INFO"/>
    <logger name="org.springframework" level="INFO"/>
    <logger name="org.springframework.boot" level="INFO"/>

    <logger name="com.wemade.configuration.interceptor" level="INFO"/>
    <logger name="org.springframework.boot.context.config.ConfigDataEnvironmentPostProcessor" level="DEBUG"/>


    <root level="INFO">
        <appender-ref ref="STDOUT" />
        <appender-ref ref="STDERR" />
    </root>

</configuration>